guest_id,guest_first_name,guest_last_name,guest_email,guest_age,password
1,Mark,Wick,mark_wick@gmail.com,29,hxh3
2,Sandy,Quincy,sandy_quincy@gmail.com,39,adad3456
3,Alice,Voorhees,alice_voorhees@gmail.com,63,434hf32
4,Bob,Krueger,bob_krueger@gmail.com,36,dwkdh48
5,Valeri,Sahakyan,valeri_sahakyan@gmail.com,38,3cwxw
6,Shaqar,Sahakyan,shaqar_sahakyan@gmail.com,59,hoadwp3
7,Eva,Quin,eva_quin@gmail.com,57,cefver7
8,Bubba,Black,bubba_black@gmail.com,34,csvrev4
9,Nadin,Soze,nadin_soze@gmail.com,22,csdw1
10,Louie,Sall,louie_sall@gmail.com,44,cfed34
11,Dewey,Quincy,dewey_quincy@gmail.com,80,qxbxiu2h
12,Huey,Quey,huey_quey@gmail.com,31,ewdb2h3
13,Manvel,Arshakyan,manvel_arshakyan@gmail.com,33,wedyj21
14,Galust,Arshakyan,galust_arshakyan@gmail.com,33,gweiudh8
15,Silva,Arshakyan,silva_arshakyan@gmail.com,33,ewud1
16,Dewey,Quincy,dewey_quincy@gmail.com,80,3whdu2
17,Subba,White,subba_white@gmail.com,34,ewduhx8
18,Hans,Quey,hans_quey@gmail.com,31,hfud3h
19,Dave,Quincy,dave_quincy@gmail.com,80,wedwf7
20,Lubba,Brown,lubba_brown@gmail.com,34,ebfkw5
21,Sargis,Janoyan,sargis_janoyan@gmail.com,33,schbbc4
22,Shaqe,Suqiasyan,shaqe_suqiasyan@gmail.com,60,hbffk5
23,Bob,Pedro,bob_pedro@gmail.com,29,bdhhb97
24,Eve,Quin,eve_quin@gmail.com,25,hfu34h3
25,Evalina,Quin,evalin_quin@gmail.com,59,dwukh3
26,Nadine,Soza,nadine_soza@gmail.com,22,34245fd
27,Huey,Huey,huey_huey@gmail.com,31,werhh8
28,Sipan,Arshakyan,sipan_arshakyan@gmail.com,38,hwuh483
